[
    {
        "market_address": "0x0940B0A96C5e1ba33AEE331a9f950Bb2a6F2Fb25",
        "token_symbol": "BNB",
        "market_symbol": "b'sBNBPERP                        '",
        "leverage": 27.5,
        "open_interest": 583.47784893
    },
    {
        "market_address": "0x3a52b21816168dfe35bE99b7C5fc209f17a0aDb1",
        "token_symbol": "AXS",
        "market_symbol": "b'sAXSPERP                        '",
        "leverage": 27.5,
        "open_interest": 4.66455402
    },
    {
        "market_address": "0x2B3bb4c683BFc5239B029131EEf3B1d214478d93",
        "token_symbol": "sETH",
        "market_symbol": "b'sETHPERP                        '",
        "leverage": 55.0,
        "open_interest": 2485.67979468
    },
    {
        "market_address": "0x59b007E9ea8F89b069c43F8f45834d30853e3699",
        "token_symbol": "sBTC",
        "market_symbol": "b'sBTCPERP                        '",
        "leverage": 55.0,
        "open_interest": 67130.3
    },
    {
        "market_address": "0x31A1659Ca00F617E86Dc765B6494Afe70a5A9c1A",
        "token_symbol": "LINK",
        "market_symbol": "b'sLINKPERP                       '",
        "leverage": 27.5,
        "open_interest": 11.02448613
    },
    {
        "market_address": "0x0EA09D97b4084d859328ec4bF8eBCF9ecCA26F1D",
        "token_symbol": "SOL",
        "market_symbol": "b'sSOLPERP                        '",
        "leverage": 27.5,
        "open_interest": 172.12972207
    },
    {
        "market_address": "0xc203A12F298CE73E44F7d45A4f59a43DBfFe204D",
        "token_symbol": "AVAX",
        "market_symbol": "b'sAVAXPERP                       '",
        "leverage": 27.5,
        "open_interest": 25.41440181
    },
    {
        "market_address": "0x5374761526175B59f1E583246E20639909E189cE",
        "token_symbol": "AAVE",
        "market_symbol": "b'sAAVEPERP                       '",
        "leverage": 27.5,
        "open_interest": 142.77553859
    },
    {
        "market_address": "0x4308427C463CAEAaB50FFf98a9deC569C31E4E87",
        "token_symbol": "UNI",
        "market_symbol": "b'sUNIPERP                        '",
        "leverage": 27.5,
        "open_interest": 7.4270863
    },
    {
        "market_address": "0x105f7F2986A2414B4007958b836904100a53d1AD",
        "token_symbol": "ICP",
        "market_symbol": "b'sICPPERP                        '",
        "leverage": 27.5,
        "open_interest": 7.76918
    },
    {
        "market_address": "0xE698CcC3cD4f2172a848094eA6D28D89d750C16f",
        "token_symbol": "ORDI",
        "market_symbol": "b'sORDIPERP                       '",
        "leverage": 27.5,
        "open_interest": 31.66200408
    },
    {
        "market_address": "0x139F94E4f0e1101c1464a321CBA815c34d58B5D9",
        "token_symbol": "DYDX",
        "market_symbol": "b'sDYDXPERP                       '",
        "leverage": 27.5,
        "open_interest": 0.9807695
    },
    {
        "market_address": "0x442b69937a0daf9D46439a71567fABE6Cb69FBaf",
        "token_symbol": "OP",
        "market_symbol": "b'sOPPERP                         '",
        "leverage": 27.5,
        "open_interest": 1.56942909
    },
    {
        "market_address": "0x98cCbC721cc05E28a125943D69039B39BE6A21e9",
        "token_symbol": "DOGE",
        "market_symbol": "b'sDOGEPERP                       '",
        "leverage": 27.5,
        "open_interest": 0.13643324
    },
    {
        "market_address": "0xf9AE92bc49A5DD96AE5840eaAE75218016811c99",
        "token_symbol": "JUP",
        "market_symbol": "b'sJUPPERP                        '",
        "leverage": 27.5,
        "open_interest": 0.99404657
    },
    {
        "market_address": "0xae90E9BB73b32505FB56a0F4Fd4eC8cf94BaB730",
        "token_symbol": "JTO",
        "market_symbol": "b'sJTOPERP                        '",
        "leverage": 27.5,
        "open_interest": 2.27932403
    },
    {
        "market_address": "0x48BeadAB5781aF9C4Fec27AC6c8E0F402F2Cc3D6",
        "token_symbol": "MEME",
        "market_symbol": "b'sMEMEPERP                       '",
        "leverage": 27.5,
        "open_interest": 0.01335168
    },
    {
        "market_address": "0xbB16C7B3244DFA1a6BF83Fcce3EE4560837763CD",
        "token_symbol": "ATOM",
        "market_symbol": "b'sATOMPERP                       '",
        "leverage": 27.5,
        "open_interest": 4.3753679
    },
    {
        "market_address": "0x27665271210aCff4Fab08AD9Bb657E91866471F0",
        "token_symbol": "FLOW",
        "market_symbol": "b'sFLOWPERP                       '",
        "leverage": 27.5,
        "open_interest": 0.51239
    },
    {
        "market_address": "0xC18f85A6DD3Bcd0516a1CA08d3B1f0A4E191A2C4",
        "token_symbol": "FTM",
        "market_symbol": "b'sFTMPERP                        '",
        "leverage": 27.5,
        "open_interest": 0.64027116
    },
    {
        "market_address": "0xC8fCd6fB4D15dD7C455373297dEF375a08942eCe",
        "token_symbol": "NEAR",
        "market_symbol": "b'sNEARPERP                       '",
        "leverage": 27.5,
        "open_interest": 4.23741425
    },
    {
        "market_address": "0x3f957DF3AB99ff502eE09071dd353bf4352BBEfE",
        "token_symbol": "GRT",
        "market_symbol": "b'sGRTPERP                        '",
        "leverage": 27.5,
        "open_interest": 0.152518
    },
    {
        "market_address": "0xB3422e49dB926f7C5F5d7DaF5F1069Abf1b7E894",
        "token_symbol": "BONK",
        "market_symbol": "b'sBONKPERP                       '",
        "leverage": 27.5,
        "open_interest": 2.1103955015631e-05
    },
    {
        "market_address": "0x509072A5aE4a87AC89Fc8D64D94aDCb44Bd4b88e",
        "token_symbol": "ARB",
        "market_symbol": "b'sARBPERP                        '",
        "leverage": 27.5,
        "open_interest": 0.51529125
    },
    {
        "market_address": "0xaa94C874b91ef16C8B56A1c5B2F34E39366bD484",
        "token_symbol": "LDO",
        "market_symbol": "b'sLDOPERP                        '",
        "leverage": 27.5,
        "open_interest": 1.0129009
    },
    {
        "market_address": "0xB25529266D9677E9171BEaf333a0deA506c5F99A",
        "token_symbol": "LTC",
        "market_symbol": "b'sLTCPERP                        '",
        "leverage": 27.5,
        "open_interest": 68.5771
    },
    {
        "market_address": "0xF9DD29D2Fd9B38Cd90E390C797F1B7E0523f43A9",
        "token_symbol": "ADA",
        "market_symbol": "b'sADAPERP                        '",
        "leverage": 27.5,
        "open_interest": 0.3324
    },
    {
        "market_address": "0x2C5E2148bF3409659967FE3684fd999A76171235",
        "token_symbol": "FIL",
        "market_symbol": "b'sFILPERP                        '",
        "leverage": 27.5,
        "open_interest": 3.46071029
    },
    {
        "market_address": "0x33d4613639603c845e61A02cd3D2A78BE7d513dc",
        "token_symbol": "GMX",
        "market_symbol": "b'sGMXPERP                        '",
        "leverage": 27.5,
        "open_interest": 21.199231
    },
    {
        "market_address": "0x9615B6BfFf240c44D3E33d0cd9A11f563a2e8D8B",
        "token_symbol": "APT",
        "market_symbol": "b'sAPTPERP                        '",
        "leverage": 27.5,
        "open_interest": 9.22061513
    },
    {
        "market_address": "0x69F5F465a46f324Fb7bf3fD7c0D5c00f7165C7Ea",
        "token_symbol": "SHIB",
        "market_symbol": "b'sSHIBPERP                       '",
        "leverage": 27.5,
        "open_interest": 1.707e-05
    },
    {
        "market_address": "0x96690aAe7CB7c4A9b5Be5695E94d72827DeCC33f",
        "token_symbol": "BCH",
        "market_symbol": "b'sBCHPERP                        '",
        "leverage": 27.5,
        "open_interest": 349.98841243
    },
    {
        "market_address": "0xD5fBf7136B86021eF9d0BE5d798f948DcE9C0deA",
        "token_symbol": "CRV",
        "market_symbol": "b'sCRVPERP                        '",
        "leverage": 27.5,
        "open_interest": 0.24
    },
    {
        "market_address": "0x3D3f34416f60f77A0a6cC8e32abe45D32A7497cb",
        "token_symbol": "PEPE",
        "market_symbol": "b'sPEPEPERP                       '",
        "leverage": 27.5,
        "open_interest": 9.0268016e-06
    },
    {
        "market_address": "0x09F9d7aaa6Bef9598c3b676c0E19C9786Aa566a8",
        "token_symbol": "SUI",
        "market_symbol": "b'sSUIPERP                        '",
        "leverage": 27.5,
        "open_interest": 1.79085596
    },
    {
        "market_address": "0xa1Ace9ce6862e865937939005b1a6c5aC938A11F",
        "token_symbol": "BLUR",
        "market_symbol": "b'sBLURPERP                       '",
        "leverage": 27.5,
        "open_interest": 0.2243
    },
    {
        "market_address": "0x6110DF298B411a46d6edce72f5CAca9Ad826C1De",
        "token_symbol": "XRP",
        "market_symbol": "b'sXRPPERP                        '",
        "leverage": 27.5,
        "open_interest": 0.51173237
    },
    {
        "market_address": "0x8B9B5f94aac2316f048025B3cBe442386E85984b",
        "token_symbol": "DOT",
        "market_symbol": "b'sDOTPERP                        '",
        "leverage": 27.5,
        "open_interest": 4.02884
    },
    {
        "market_address": "0x031A448F59111000b96F016c37e9c71e57845096",
        "token_symbol": "TRX",
        "market_symbol": "b'sTRXPERP                        '",
        "leverage": 27.5,
        "open_interest": 0.16433206
    },
    {
        "market_address": "0x296286ae0b5c066CBcFe46cc4Ffb375bCCAFE640",
        "token_symbol": "PYTH",
        "market_symbol": "b'sPYTHPERP                       '",
        "leverage": 27.5,
        "open_interest": 0.35506614
    },
    {
        "market_address": "0x852210F0616aC226A486ad3387DBF990e690116A",
        "token_symbol": "INJ",
        "market_symbol": "b'sINJPERP                        '",
        "leverage": 27.5,
        "open_interest": 18.45286128
    },
    {
        "market_address": "0xD91Db82733987513286B81e7115091d96730b62A",
        "token_symbol": "STETH",
        "market_symbol": "b'sSTETHPERP                      '",
        "leverage": 27.5,
        "open_interest": 2488.78576164
    },
    {
        "market_address": "0xD5FcCd43205CEF11FbaF9b38dF15ADbe1B186869",
        "token_symbol": "ETHBTC",
        "market_symbol": "b'sETHBTCPERP                     '",
        "leverage": 27.5,
        "open_interest": 0.03711103
    },
    {
        "market_address": "0x4bF3C1Af0FaA689e3A808e6Ad7a8d89d07BB9EC7",
        "token_symbol": "ETC",
        "market_symbol": "b'sETCPERP                        '",
        "leverage": 27.5,
        "open_interest": 18.256603
    },
    {
        "market_address": "0xb7059Ed9950f2D9fDc0155fC0D79e63d4441e806",
        "token_symbol": "COMP",
        "market_symbol": "b'sCOMPPERP                       '",
        "leverage": 27.5,
        "open_interest": 41.9476
    },
    {
        "market_address": "0x2ea06E73083f1b3314Fa090eaE4a5F70eb058F2e",
        "token_symbol": "XMR",
        "market_symbol": "b'sXMRPERP                        '",
        "leverage": 27.5,
        "open_interest": 159.26048615
    },
    {
        "market_address": "0xf7d9Bd13F877171f6C7f93F71bdf8e380335dc12",
        "token_symbol": "MKR",
        "market_symbol": "b'sMKRPERP                        '",
        "leverage": 27.5,
        "open_interest": 1107.46
    },
    {
        "market_address": "0x6940e7C6125a177b052C662189bb27692E88E9Cb",
        "token_symbol": "YFI",
        "market_symbol": "b'sYFIPERP                        '",
        "leverage": 27.5,
        "open_interest": 4659.84046477
    },
    {
        "market_address": "0x572F816F21F56D47e4c4fA577837bd3f58088676",
        "token_symbol": "MAV",
        "market_symbol": "b'sMAVPERP                        '",
        "leverage": 27.5,
        "open_interest": 0.15702277
    },
    {
        "market_address": "0xfAD0835dAD2985b25ddab17eace356237589E5C7",
        "token_symbol": "RPL",
        "market_symbol": "b'sRPLPERP                        '",
        "leverage": 27.5,
        "open_interest": 10.42135942
    },
    {
        "market_address": "0x77DA808032dCdd48077FA7c57afbF088713E09aD",
        "token_symbol": "WLD",
        "market_symbol": "b'sWLDPERP                        '",
        "leverage": 27.5,
        "open_interest": 2.02503912
    },
    {
        "market_address": "0x1681212A0Edaf314496B489AB57cB3a5aD7a833f",
        "token_symbol": "USDT",
        "market_symbol": "b'sUSDTPERP                       '",
        "leverage": 55.0,
        "open_interest": 0.9981507
    },
    {
        "market_address": "0x71f42cA320b3e9A8e4816e26De70c9b69eAf9d24",
        "token_symbol": "BAL",
        "market_symbol": "b'sBALPERP                        '",
        "leverage": 27.5,
        "open_interest": 1.86321
    },
    {
        "market_address": "0x2fD9a39ACF071Aa61f92F3D7A98332c68d6B6602",
        "token_symbol": "FXS",
        "market_symbol": "b'sFXSPERP                        '",
        "leverage": 27.5,
        "open_interest": 1.86229575
    },
    {
        "market_address": "0xd4e9e0784C3cE4796f54F2EA0D337c7CFcCFD645",
        "token_symbol": "PENDLE",
        "market_symbol": "b'sPENDLEPERP                     '",
        "leverage": 27.5,
        "open_interest": 4.53796291
    },
    {
        "market_address": "0x2F0F0865dFDD52AdefB583Ae824dDE7D60b76a3B",
        "token_symbol": "STRK",
        "market_symbol": "b'sSTRKPERP                       '",
        "leverage": 27.5,
        "open_interest": 0.3709793
    },
    {
        "market_address": "0xBBd74c2c8c89D45B822e08fCe400F4DDE99e600b",
        "token_symbol": "IMX",
        "market_symbol": "b'sIMXPERP                        '",
        "leverage": 27.5,
        "open_interest": 1.338892
    },
    {
        "market_address": "0xaF2E4c337B038eaFA1dE23b44C163D0008e49EaD",
        "token_symbol": "PERP",
        "market_symbol": "b'sPERPPERP                       '",
        "leverage": 27.5,
        "open_interest": 0.63428782
    },
    {
        "market_address": "0x66fc48720f09Ac386608FB65ede53Bb220D0D5Bc",
        "token_symbol": "SEI",
        "market_symbol": "b'sSEIPERP                        '",
        "leverage": 27.5,
        "open_interest": 0.37580942
    },
    {
        "market_address": "0xEAf0191bCa9DD417202cEf2B18B7515ABff1E196",
        "token_symbol": "RUNE",
        "market_symbol": "b'sRUNEPERP                       '",
        "leverage": 27.5,
        "open_interest": 4.97662239
    },
    {
        "market_address": "0xdcCDa0cFBEE25B33Ff4Ccca64467E89512511bf6",
        "token_symbol": "SUSHI",
        "market_symbol": "b'sSUSHIPERP                      '",
        "leverage": 27.5,
        "open_interest": 0.68448009
    },
    {
        "market_address": "0x35B0ed8473e7943d31Ee1eeeAd06C8767034Ce39",
        "token_symbol": "TIA",
        "market_symbol": "b'sTIAPERP                        '",
        "leverage": 27.5,
        "open_interest": 5.34663433
    },
    {
        "market_address": "0x96f2842007021a4C5f06Bcc72961701D66Ff8465",
        "token_symbol": "ALGO",
        "market_symbol": "b'sALGOPERP                       '",
        "leverage": 27.5,
        "open_interest": 0.114196
    },
    {
        "market_address": "0xfbbBFA96Af2980aE4014d5D5A2eF14bD79B2a299",
        "token_symbol": "XLM",
        "market_symbol": "b'sXLMPERP                        '",
        "leverage": 27.5,
        "open_interest": 0.0943958
    },
    {
        "market_address": "0x50a40d947726ac1373DC438e7aaDEde9b237564d",
        "token_symbol": "EOS",
        "market_symbol": "b'sEOSPERP                        '",
        "leverage": 27.5,
        "open_interest": 0.44456228
    }
]