{"BTC": {"market": "BTC", "market_key": "0x47c031236e19d024b42f8AE6780E44A573170703", "maker_fee_percent": 0.05, "taker_fee_percent": 0.07}, "ETH": {"market": "ETH", "market_key": "0x70d95587d40A2caf56bd97485aB3Eec10Bee6336", "maker_fee_percent": 0.05, "taker_fee_percent": 0.07}, "DOGE": {"market": "DOGE", "market_key": "0x6853EA96FF216fAb11D2d930CE3C508556A4bdc4", "maker_fee_percent": 0.05, "taker_fee_percent": 0.07}, "SOL": {"market": "SOL", "market_key": "0x09400D9DB990D5ed3f35D7be61DfAEB900Af03C9", "maker_fee_percent": 0.05, "taker_fee_percent": 0.07}, "LTC": {"market": "LTC", "market_key": "0xD9535bB5f58A1a75032416F2dFe7880C30575a41", "maker_fee_percent": 0.05, "taker_fee_percent": 0.07}, "UNI": {"market": "UNI", "market_key": "0xc7Abb2C5f3BF3CEB389dF0Eecd6120D451170B50", "maker_fee_percent": 0.05, "taker_fee_percent": 0.07}, "LINK": {"market": "LINK", "market_key": "0x7f1fa204bb700853D36994DA19F830b6Ad18455C", "maker_fee_percent": 0.05, "taker_fee_percent": 0.07}, "ARB": {"market": "ARB", "market_key": "0xC25cEf6061Cf5dE5eb761b50E4743c1F5D7E5407", "maker_fee_percent": 0.05, "taker_fee_percent": 0.07}, "XRP": {"market": "XRP", "market_key": "0x0CCB4fAa6f1F1B30911619f1184082aB4E25813c", "maker_fee_percent": 0.05, "taker_fee_percent": 0.07}, "BNB": {"market": "BNB", "market_key": "0x2d340912Aa47e33c90Efb078e69E70EFe2B34b9B", "maker_fee_percent": 0.05, "taker_fee_percent": 0.07}, "AAVE": {"market": "AAVE", "market_key": "0x1CbBa6346F110c8A5ea739ef2d1eb182990e4EB2", "maker_fee_percent": 0.05, "taker_fee_percent": 0.07}, "ATOM": {"market": "ATOM", "market_key": "0x248C35760068cE009a13076D573ed3497A47bCD4", "maker_fee_percent": 0.05, "taker_fee_percent": 0.07}, "NEAR": {"market": "NEAR", "market_key": "0x63Dc80EE90F26363B3FCD609007CC9e14c8991BE", "maker_fee_percent": 0.05, "taker_fee_percent": 0.07}, "AVAX": {"market": "AVAX", "market_key": "0x7BbBf946883a5701350007320F525c5379B8178A", "maker_fee_percent": 0.05, "taker_fee_percent": 0.07}, "OP": {"market": "OP", "market_key": "0x4fDd333FF9cA409df583f306B6F5a7fFdE790739", "maker_fee_percent": 0.05, "taker_fee_percent": 0.07}, "BTC2": {"market": "BTC2", "market_key": "0x7C11F78Ce78768518D743E81Fdfa2F860C6b9A77", "maker_fee_percent": 0.05, "taker_fee_percent": 0.07}, "ETH2": {"market": "ETH2", "market_key": "0x450bb6774Dd8a756274E0ab4107953259d2ac541", "maker_fee_percent": 0.05, "taker_fee_percent": 0.07}, "GMX": {"market": "GMX", "market_key": "0x55391D178Ce46e7AC8eaAEa50A72D1A5a8A622Da", "maker_fee_percent": 0.05, "taker_fee_percent": 0.07}, "PEPE": {"market": "PEPE", "market_key": "0x2b477989A149B17073D9C9C82eC9cB03591e20c6", "maker_fee_percent": 0.05, "taker_fee_percent": 0.07}, "WIF": {"market": "WIF", "market_key": "0x0418643F94Ef14917f1345cE5C460C37dE463ef7", "maker_fee_percent": 0.05, "taker_fee_percent": 0.07}}