[
    {
        "px": "0.51245",
        "sz": "1544.0",
        "n": 1
    },
    {
        "px": "0.51244",
        "sz": "51083.0",
        "n": 2
    },
    {
        "px": "0.51242",
        "sz": "4718.0",
        "n": 1
    },
    {
        "px": "0.51241",
        "sz": "67263.0",
        "n": 1
    },
    {
        "px": "0.51238",
        "sz": "1452.0",
        "n": 1
    },
    {
        "px": "0.51235",
        "sz": "116527.0",
        "n": 1
    },
    {
        "px": "0.51232",
        "sz": "110483.0",
        "n": 3
    },
    {
        "px": "0.51227",
        "sz": "10450.0",
        "n": 1
    },
    {
        "px": "0.51224",
        "sz": "10453.0",
        "n": 1
    },
    {
        "px": "0.51221",
        "sz": "10452.0",
        "n": 1
    },
    {
        "px": "0.5122",
        "sz": "745.0",
        "n": 1
    },
    {
        "px": "0.51217",
        "sz": "99382.0",
        "n": 2
    },
    {
        "px": "0.51209",
        "sz": "7945.0",
        "n": 2
    },
    {
        "px": "0.51207",
        "sz": "107002.0",
        "n": 1
    },
    {
        "px": "0.51204",
        "sz": "1852.0",
        "n": 1
    },
    {
        "px": "0.51192",
        "sz": "105511.0",
        "n": 2
    },
    {
        "px": "0.51159",
        "sz": "4398.0",
        "n": 1
    },
    {
        "px": "0.51124",
        "sz": "2445.0",
        "n": 1
    },
    {
        "px": "0.51123",
        "sz": "101354.0",
        "n": 2
    },
    {
        "px": "0.51109",
        "sz": "3315.0",
        "n": 1
    }
]