{
    "long": [
        {
            "exchange": "ByBit",
            "symbol": "ZRO",
            "timestamp": "2024-10-26 16:20:57",
            "side": "Long",
            "trade_size": 100,
            "index_price": 3.4563,
            "fill_price": 3.45443144549,
            "fees": 0.055
        },
        {
            "exchange": "ByBit",
            "symbol": "ZRO",
            "timestamp": "2024-10-26 16:20:57",
            "side": "Long",
            "trade_size": 10000,
            "index_price": 3.4563,
            "fill_price": 3.4561566099002,
            "fees": 5.5
        },
        {
            "exchange": "ByBit",
            "symbol": "ZRO",
            "timestamp": "2024-10-26 16:20:57",
            "side": "Long",
            "trade_size": 100000,
            "index_price": 3.4563,
            "fill_price": 3.46035558010274,
            "fees": 55.0
        },
        {
            "exchange": "ByBit",
            "symbol": "ZRO",
            "timestamp": "2024-10-26 16:20:57",
            "side": "Long",
            "trade_size": 500000,
            "index_price": 3.4563,
            "fill_price": 0,
            "fees": 275.0
        },
        {
            "exchange": "ByBit",
            "symbol": "ZRO",
            "timestamp": "2024-10-26 16:20:57",
            "side": "Long",
            "trade_size": 1000000,
            "index_price": 3.4563,
            "fill_price": 0,
            "fees": 550.0
        },
        {
            "exchange": "ByBit",
            "symbol": "ZRO",
            "timestamp": "2024-10-26 16:20:57",
            "side": "Long",
            "trade_size": 5000000,
            "index_price": 3.4563,
            "fill_price": 0,
            "fees": 2750.0
        },
        {
            "exchange": "ByBit",
            "symbol": "ZRO",
            "timestamp": "2024-10-26 16:20:57",
            "side": "Long",
            "trade_size": 10000000,
            "index_price": 3.4563,
            "fill_price": 0,
            "fees": 5500.0
        },
        {
            "exchange": "ByBit",
            "symbol": "ZRO",
            "timestamp": "2024-10-26 16:20:57",
            "side": "Long",
            "trade_size": 25000000,
            "index_price": 3.4563,
            "fill_price": 0,
            "fees": 13750.0
        },
        {
            "exchange": "ByBit",
            "symbol": "ZRO",
            "timestamp": "2024-10-26 16:20:57",
            "side": "Long",
            "trade_size": 50000000,
            "index_price": 3.4563,
            "fill_price": 0,
            "fees": 27500.0
        }
    ],
    "short": [
        {
            "exchange": "ByBit",
            "symbol": "ZRO",
            "timestamp": "2024-10-26 16:20:57",
            "side": "Short",
            "trade_size": 100,
            "index_price": 3.4563,
            "fill_price": 3.4539589898000003,
            "fees": 0.055
        },
        {
            "exchange": "ByBit",
            "symbol": "ZRO",
            "timestamp": "2024-10-26 16:20:57",
            "side": "Short",
            "trade_size": 10000,
            "index_price": 3.4563,
            "fill_price": 3.452498871682701,
            "fees": 5.5
        },
        {
            "exchange": "ByBit",
            "symbol": "ZRO",
            "timestamp": "2024-10-26 16:20:57",
            "side": "Short",
            "trade_size": 100000,
            "index_price": 3.4563,
            "fill_price": 3.44859342453653,
            "fees": 55.0
        },
        {
            "exchange": "ByBit",
            "symbol": "ZRO",
            "timestamp": "2024-10-26 16:20:57",
            "side": "Short",
            "trade_size": 500000,
            "index_price": 3.4563,
            "fill_price": 0,
            "fees": 275.0
        },
        {
            "exchange": "ByBit",
            "symbol": "ZRO",
            "timestamp": "2024-10-26 16:20:57",
            "side": "Short",
            "trade_size": 1000000,
            "index_price": 3.4563,
            "fill_price": 0,
            "fees": 550.0
        },
        {
            "exchange": "ByBit",
            "symbol": "ZRO",
            "timestamp": "2024-10-26 16:20:57",
            "side": "Short",
            "trade_size": 5000000,
            "index_price": 3.4563,
            "fill_price": 0,
            "fees": 2750.0
        },
        {
            "exchange": "ByBit",
            "symbol": "ZRO",
            "timestamp": "2024-10-26 16:20:57",
            "side": "Short",
            "trade_size": 10000000,
            "index_price": 3.4563,
            "fill_price": 0,
            "fees": 5500.0
        },
        {
            "exchange": "ByBit",
            "symbol": "ZRO",
            "timestamp": "2024-10-26 16:20:57",
            "side": "Short",
            "trade_size": 25000000,
            "index_price": 3.4563,
            "fill_price": 0,
            "fees": 13750.0
        },
        {
            "exchange": "ByBit",
            "symbol": "ZRO",
            "timestamp": "2024-10-26 16:20:57",
            "side": "Short",
            "trade_size": 50000000,
            "index_price": 3.4563,
            "fill_price": 0,
            "fees": 27500.0
        }
    ],
    "depth": {
        "total_buy": 459696.88638000004,
        "total_sell": 390307.51632
    }
}