{"BTC": {"symbol": "BTC", "market_id": 200, "max_funding_velocity": 4.0, "skew_scale": 35000.0, "maker_fee": 1e-06, "taker_fee": 0.0005}, "ETH": {"symbol": "ETH", "market_id": 100, "max_funding_velocity": 4.0, "skew_scale": 350000.0, "maker_fee": 1e-06, "taker_fee": 0.0005}, "SNX": {"symbol": "SNX", "market_id": 300, "max_funding_velocity": 9.0, "skew_scale": 10200000.0, "maker_fee": 0.0002, "taker_fee": 0.001}, "SOL": {"symbol": "SOL", "market_id": 400, "max_funding_velocity": 9.0, "skew_scale": 2812500.0, "maker_fee": 1e-06, "taker_fee": 0.0008}, "W": {"symbol": "W", "market_id": 600, "max_funding_velocity": 9.0, "skew_scale": 59062500.0, "maker_fee": 0.0002, "taker_fee": 0.001}, "WIF": {"symbol": "WIF", "market_id": 500, "max_funding_velocity": 9.0, "skew_scale": 30000000.0, "maker_fee": 0.0002, "taker_fee": 0.001}, "ARB": {"symbol": "ARB", "market_id": 1600, "max_funding_velocity": 9.0, "skew_scale": 82000000.0, "maker_fee": 0.0002, "taker_fee": 0.001}, "AVAX": {"symbol": "AVAX", "market_id": 900, "max_funding_velocity": 9.0, "skew_scale": 2500000.0, "maker_fee": 0.0002, "taker_fee": 0.001}, "BNB": {"symbol": "BNB", "market_id": 1800, "max_funding_velocity": 9.0, "skew_scale": 375000.0, "maker_fee": 0.0002, "taker_fee": 0.001}, "BONK": {"symbol": "BONK", "market_id": 1400, "max_funding_velocity": 9.0, "skew_scale": 1600000000000.0, "maker_fee": 0.0002, "taker_fee": 0.001}, "DOGE": {"symbol": "DOGE", "market_id": 800, "max_funding_velocity": 9.0, "skew_scale": 1578000000.0, "maker_fee": 0.0002, "taker_fee": 0.001}, "ENA": {"symbol": "ENA", "market_id": 700, "max_funding_velocity": 9.0, "skew_scale": 102000000.0, "maker_fee": 0.0002, "taker_fee": 0.001}, "FTM": {"symbol": "FTM", "market_id": 1500, "max_funding_velocity": 9.0, "skew_scale": 118000000.0, "maker_fee": 0.0002, "taker_fee": 0.001}, "MATIC": {"symbol": "MATIC", "market_id": 1700, "max_funding_velocity": 9.0, "skew_scale": 84000000.0, "maker_fee": 0.0002, "taker_fee": 0.001}, "OP": {"symbol": "OP", "market_id": 1000, "max_funding_velocity": 9.0, "skew_scale": 24000000.0, "maker_fee": 0.0002, "taker_fee": 0.001}, "ORDI": {"symbol": "ORDI", "market_id": 1100, "max_funding_velocity": 9.0, "skew_scale": 1305000.0, "maker_fee": 0.0002, "taker_fee": 0.001}, "PEPE": {"symbol": "PEPE", "market_id": 1200, "max_funding_velocity": 9.0, "skew_scale": 12600000000000.0, "maker_fee": 0.0002, "taker_fee": 0.001}, "RUNE": {"symbol": "RUNE", "market_id": 1300, "max_funding_velocity": 9.0, "skew_scale": 6000000.0, "maker_fee": 0.0002, "taker_fee": 0.001}, "ARKM": {"symbol": "ARKM", "market_id": 2600, "max_funding_velocity": 9.0, "skew_scale": 11000000.0, "maker_fee": 0.0002, "taker_fee": 0.001}, "AXL": {"symbol": "AXL", "market_id": 3200, "max_funding_velocity": 9.0, "skew_scale": 10125000.0, "maker_fee": 0.0002, "taker_fee": 0.001}, "BOME": {"symbol": "BOME", "market_id": 2900, "max_funding_velocity": 9.0, "skew_scale": 3750000000.0, "maker_fee": 0.0002, "taker_fee": 0.001}, "ETHFI": {"symbol": "ETHFI", "market_id": 3000, "max_funding_velocity": 9.0, "skew_scale": 16500000.0, "maker_fee": 0.0002, "taker_fee": 0.001}, "GALA": {"symbol": "GALA", "market_id": 2700, "max_funding_velocity": 9.0, "skew_scale": 1125000000.0, "maker_fee": 0.0002, "taker_fee": 0.001}, "GMX": {"symbol": "GMX", "market_id": 2200, "max_funding_velocity": 9.0, "skew_scale": 250000.0, "maker_fee": 0.0002, "taker_fee": 0.001}, "INJ": {"symbol": "INJ", "market_id": 2100, "max_funding_velocity": 9.0, "skew_scale": 2250000.0, "maker_fee": 0.0002, "taker_fee": 0.001}, "LINK": {"symbol": "LINK", "market_id": 1900, "max_funding_velocity": 9.0, "skew_scale": 5625000.0, "maker_fee": 0.0002, "taker_fee": 0.001}, "PENDLE": {"symbol": "PENDLE", "market_id": 2000, "max_funding_velocity": 9.0, "skew_scale": 6000000.0, "maker_fee": 0.0002, "taker_fee": 0.001}, "STX": {"symbol": "STX", "market_id": 3100, "max_funding_velocity": 9.0, "skew_scale": 22500000.0, "maker_fee": 0.0002, "taker_fee": 0.001}, "SUI": {"symbol": "SUI", "market_id": 2400, "max_funding_velocity": 9.0, "skew_scale": 55000000.0, "maker_fee": 0.0002, "taker_fee": 0.001}, "TAO": {"symbol": "TAO", "market_id": 2800, "max_funding_velocity": 9.0, "skew_scale": 32500.0, "maker_fee": 0.0002, "taker_fee": 0.001}, "TIA": {"symbol": "TIA", "market_id": 2300, "max_funding_velocity": 9.0, "skew_scale": 6000000.0, "maker_fee": 0.0002, "taker_fee": 0.001}, "TON": {"symbol": "TON", "market_id": 2500, "max_funding_velocity": 9.0, "skew_scale": 12000000.0, "maker_fee": 0.0002, "taker_fee": 0.001}, "AAVE": {"symbol": "AAVE", "market_id": 3300, "max_funding_velocity": 9.0, "skew_scale": 360000.0, "maker_fee": 0.0002, "taker_fee": 0.001}, "ADA": {"symbol": "ADA", "market_id": 3400, "max_funding_velocity": 9.0, "skew_scale": 300000000.0, "maker_fee": 0.0002, "taker_fee": 0.001}, "ALGO": {"symbol": "ALGO", "market_id": 3500, "max_funding_velocity": 9.0, "skew_scale": 103875000.0, "maker_fee": 0.0002, "taker_fee": 0.001}, "APT": {"symbol": "APT", "market_id": 3600, "max_funding_velocity": 9.0, "skew_scale": 6075000.0, "maker_fee": 0.0002, "taker_fee": 0.001}, "ATOM": {"symbol": "ATOM", "market_id": 3700, "max_funding_velocity": 9.0, "skew_scale": 11250000.0, "maker_fee": 0.0002, "taker_fee": 0.001}, "AXS": {"symbol": "AXS", "market_id": 3800, "max_funding_velocity": 9.0, "skew_scale": 4218750.0, "maker_fee": 0.0002, "taker_fee": 0.001}, "BAL": {"symbol": "BAL", "market_id": 3900, "max_funding_velocity": 9.0, "skew_scale": 1125000.0, "maker_fee": 0.0002, "taker_fee": 0.001}, "BCH": {"symbol": "BCH", "market_id": 4000, "max_funding_velocity": 9.0, "skew_scale": 168750.0, "maker_fee": 0.0002, "taker_fee": 0.001}, "BLUR": {"symbol": "BLUR", "market_id": 4100, "max_funding_velocity": 9.0, "skew_scale": 100000000.0, "maker_fee": 0.0002, "taker_fee": 0.001}, "COMP": {"symbol": "COMP", "market_id": 4200, "max_funding_velocity": 9.0, "skew_scale": 241876.0, "maker_fee": 0.0002, "taker_fee": 0.001}, "CRV": {"symbol": "CRV", "market_id": 4300, "max_funding_velocity": 9.0, "skew_scale": 240000000.0, "maker_fee": 0.0002, "taker_fee": 0.001}, "DOT": {"symbol": "DOT", "market_id": 4400, "max_funding_velocity": 9.0, "skew_scale": 15000000.0, "maker_fee": 0.0002, "taker_fee": 0.001}, "DYDX": {"symbol": "DYDX", "market_id": 4500, "max_funding_velocity": 9.0, "skew_scale": 45000000.0, "maker_fee": 0.0002, "taker_fee": 0.001}, "EOS": {"symbol": "EOS", "market_id": 4600, "max_funding_velocity": 9.0, "skew_scale": 72000000.0, "maker_fee": 0.0002, "taker_fee": 0.001}, "ETC": {"symbol": "ETC", "market_id": 4700, "max_funding_velocity": 9.0, "skew_scale": 3375000.0, "maker_fee": 0.0002, "taker_fee": 0.001}, "ETHBTC": {"symbol": "ETHBTC", "market_id": 4800, "max_funding_velocity": 4.0, "skew_scale": 3400000000.0, "maker_fee": 1e-06, "taker_fee": 0.0005}, "FIL": {"symbol": "FIL", "market_id": 4900, "max_funding_velocity": 9.0, "skew_scale": 12750000.0, "maker_fee": 0.0002, "taker_fee": 0.001}, "FLOW": {"symbol": "FLOW", "market_id": 5000, "max_funding_velocity": 9.0, "skew_scale": 15000000.0, "maker_fee": 0.0002, "taker_fee": 0.001}, "FXS": {"symbol": "FXS", "market_id": 5100, "max_funding_velocity": 9.0, "skew_scale": 2104687.0, "maker_fee": 0.0002, "taker_fee": 0.001}, "GRT": {"symbol": "GRT", "market_id": 5200, "max_funding_velocity": 9.0, "skew_scale": 112500000.0, "maker_fee": 0.0002, "taker_fee": 0.001}, "ICP": {"symbol": "ICP", "market_id": 5300, "max_funding_velocity": 9.0, "skew_scale": 3000000.0, "maker_fee": 0.0002, "taker_fee": 0.001}, "IMX": {"symbol": "IMX", "market_id": 5400, "max_funding_velocity": 9.0, "skew_scale": 8400000.0, "maker_fee": 0.0002, "taker_fee": 0.001}, "JTO": {"symbol": "JTO", "market_id": 5500, "max_funding_velocity": 9.0, "skew_scale": 8000000.0, "maker_fee": 0.0002, "taker_fee": 0.001}, "JUP": {"symbol": "JUP", "market_id": 5600, "max_funding_velocity": 9.0, "skew_scale": 33750000.0, "maker_fee": 0.0002, "taker_fee": 0.001}, "LDO": {"symbol": "LDO", "market_id": 5700, "max_funding_velocity": 9.0, "skew_scale": 21000000.0, "maker_fee": 0.0002, "taker_fee": 0.001}, "LTC": {"symbol": "LTC", "market_id": 5800, "max_funding_velocity": 9.0, "skew_scale": 1687500.0, "maker_fee": 0.0002, "taker_fee": 0.001}, "MEME": {"symbol": "MEME", "market_id": 6000, "max_funding_velocity": 9.0, "skew_scale": 1300000000.0, "maker_fee": 0.0002, "taker_fee": 0.001}, "NEAR": {"symbol": "NEAR", "market_id": 6100, "max_funding_velocity": 9.0, "skew_scale": 11718750.0, "maker_fee": 0.0002, "taker_fee": 0.001}, "PYTH": {"symbol": "PYTH", "market_id": 6200, "max_funding_velocity": 9.0, "skew_scale": 60000000.0, "maker_fee": 0.0002, "taker_fee": 0.001}, "SEI": {"symbol": "SEI", "market_id": 6400, "max_funding_velocity": 9.0, "skew_scale": 71000000.0, "maker_fee": 0.0002, "taker_fee": 0.001}, "SHIB": {"symbol": "SHIB", "market_id": 6500, "max_funding_velocity": 9.0, "skew_scale": 3750000000000.0, "maker_fee": 0.0002, "taker_fee": 0.001}, "STRK": {"symbol": "STRK", "market_id": 6600, "max_funding_velocity": 9.0, "skew_scale": 40000000.0, "maker_fee": 0.0002, "taker_fee": 0.001}, "SUSHI": {"symbol": "SUSHI", "market_id": 6700, "max_funding_velocity": 9.0, "skew_scale": 16000000.0, "maker_fee": 0.0002, "taker_fee": 0.001}, "TRX": {"symbol": "TRX", "market_id": 6800, "max_funding_velocity": 9.0, "skew_scale": 806250000.0, "maker_fee": 0.0002, "taker_fee": 0.001}, "UNI": {"symbol": "UNI", "market_id": 6900, "max_funding_velocity": 9.0, "skew_scale": 4500000.0, "maker_fee": 0.0002, "taker_fee": 0.001}, "XLM": {"symbol": "XLM", "market_id": 7000, "max_funding_velocity": 9.0, "skew_scale": 333000000.0, "maker_fee": 0.0002, "taker_fee": 0.001}, "XRP": {"symbol": "XRP", "market_id": 7100, "max_funding_velocity": 9.0, "skew_scale": 400000000.0, "maker_fee": 0.0002, "taker_fee": 0.001}, "YFI": {"symbol": "YFI", "market_id": 7200, "max_funding_velocity": 9.0, "skew_scale": 2125.0, "maker_fee": 0.0002, "taker_fee": 0.001}, "EIGEN": {"symbol": "EIGEN", "market_id": 7300, "max_funding_velocity": 9.0, "skew_scale": 4000000.0, "maker_fee": 0.0, "taker_fee": 0.001}, "IO": {"symbol": "IO", "market_id": 7400, "max_funding_velocity": 9.0, "skew_scale": 6000000.0, "maker_fee": 0.0, "taker_fee": 0.001}, "MEW": {"symbol": "MEW", "market_id": 7500, "max_funding_velocity": 9.0, "skew_scale": 2500000000.0, "maker_fee": 0.0, "taker_fee": 0.001}, "MKR": {"symbol": "MKR", "market_id": 7600, "max_funding_velocity": 9.0, "skew_scale": 9000.0, "maker_fee": 0.0, "taker_fee": 0.001}, "NOT": {"symbol": "NOT", "market_id": 7700, "max_funding_velocity": 9.0, "skew_scale": 5000000000.0, "maker_fee": 0.0, "taker_fee": 0.001}, "PEOPLE": {"symbol": "PEOPLE", "market_id": 7800, "max_funding_velocity": 9.0, "skew_scale": 500000000.0, "maker_fee": 0.0, "taker_fee": 0.001}, "POL": {"symbol": "POL", "market_id": 7900, "max_funding_velocity": 9.0, "skew_scale": 75000000.0, "maker_fee": 0.0, "taker_fee": 0.001}, "POPCAT": {"symbol": "POPCAT", "market_id": 8000, "max_funding_velocity": 9.0, "skew_scale": 20250000.0, "maker_fee": 0.0, "taker_fee": 0.001}, "RENDER": {"symbol": "RENDER", "market_id": 8100, "max_funding_velocity": 9.0, "skew_scale": 2250000.0, "maker_fee": 0.0, "taker_fee": 0.001}, "SATS": {"symbol": "SATS", "market_id": 8200, "max_funding_velocity": 9.0, "skew_scale": 100000000000000.0, "maker_fee": 0.0, "taker_fee": 0.001}, "WLD": {"symbol": "WLD", "market_id": 8300, "max_funding_velocity": 9.0, "skew_scale": 20000000.0, "maker_fee": 0.0, "taker_fee": 0.001}, "ZRO": {"symbol": "ZRO", "market_id": 8400, "max_funding_velocity": 9.0, "skew_scale": 4250000.0, "maker_fee": 0.0, "taker_fee": 0.001}}